{"cameraMode":{"drawMode":0,"name":"Shaded","section":"Shading Mode"},"sceneLighting":false,"audioPlay":false,"sceneViewState":{"showFog":true,"showMaterialUpdate":true,"showSkybox":true,"showFlares":true,"showImageEffects":true,"showParticleSystems":true},"in2DMode":false,"pivot":{"x":-4.815920352935791,"y":-2.431467056274414,"z":-0.9683386087417603},"rotation":{"x":-0.1849394142627716,"y":-0.5615115165710449,"z":0.1304733157157898,"w":-0.795913577079773},"size":0.85203617811203,"orthographic":false}