{"cameraMode":{"drawMode":0,"name":"Shaded","section":"Shading Mode"},"sceneLighting":false,"audioPlay":false,"sceneViewState":{"showFog":true,"showMaterialUpdate":true,"showSkybox":true,"showFlares":true,"showImageEffects":true,"showParticleSystems":true},"in2DMode":false,"pivot":{"x":-0.8914363384246826,"y":2.123927116394043,"z":-0.36000001430511477},"rotation":{"x":-0.3715550899505615,"y":0.4288111627101898,"z":-0.19942453503608704,"w":-0.7989348769187927},"size":2.874203681945801,"orthographic":false}